cont.157,1,0,0,0,0,1,2,0,0,0,
cont.160,1,0,0,0,0,1,0,4,0,0,
cont.162,1,0,0,0,0,1,0,1,0,0,
then.188,1,0,0,0,0,0,0,0,0,0,
pad.33,1,0,0,0,0,0,0,1,0,1,
entry,1,0,0,0,0,10,0,3,0,0,
cont.167,1,0,0,0,0,1,0,1,0,0,
cont.178,1,0,0,0,0,0,0,1,0,0,
cont.158,1,0,0,0,0,0,0,1,0,0,
then.182,1,0,0,0,0,0,0,0,0,0,
then.183,1,0,0,0,0,0,0,0,0,0,
label.0,1,0,0,0,0,1,0,1,0,0,
then.185,1,0,0,0,0,0,0,2,0,0,
fallthrough.185,1,0,0,0,0,0,0,4,0,0,
else.187,1,0,0,0,0,0,0,0,0,0,
catchpad.16,1,0,0,0,2,0,0,1,0,0,
cont.159,1,0,0,0,0,3,3,0,0,0,
finish.16,0,0,0,0,0,0,0,0,0,1,
fallthrough.183,1,0,0,0,0,4,1,0,0,0,
cont.164,1,0,0,0,0,6,1,4,0,0,
else.184,0,0,0,0,0,4,1,0,0,1,
label.0.preheader,1,0,0,0,0,6,8,0,0,0,
then.186,1,0,0,0,0,0,0,0,0,0,
finally.16,1,0,0,0,0,0,0,7,0,0,
cont.168,1,0,0,0,0,1,0,1,0,0,
cont.174,1,0,0,0,0,1,0,0,0,0,
then.184,1,0,0,0,0,2,1,1,0,0,
cont.165,1,0,0,0,2,0,0,2,0,0,
fallthrough.188,1,0,0,0,0,0,0,0,0,0,
label.0.backedge,1,0,0,0,0,0,0,0,0,0,
pad.32.loopexit.split-lp.loopexit.split-lp.loopexit.split-lp.loopexit.split-lp,1,0,0,0,0,0,0,3,0,0,
cont.175,1,0,0,0,0,0,0,0,0,0,
finret.16,1,0,0,0,2,0,0,0,0,0,
fallthrough.186,1,0,0,0,0,0,0,2,0,0,
else.185,1,0,0,0,0,0,0,0,0,0,
cont.171,1,0,0,0,0,4,0,0,0,0,
cont.172,1,0,0,0,0,0,0,1,0,0,
finres.16,1,0,0,0,2,0,0,0,0,0,
fallthrough.182,1,0,0,0,0,4,1,0,0,0,
